Date,AverageTemperature,AverageTemperatureUncertainty,City,Country,Latitude,Longitude,Area,Labor Force,Employed,Unemployed,Unemployment Rate                                                                                                              
1/1/1976,-5.342,0.229,New York,United States,40.99N,74.56W,New York,3061200,2698400,362800,11.9
2/1/1976,1.395,0.186,New York,United States,40.99N,74.56W,New York,3064200,2702500,361700,11.8
3/1/1976,4.859,0.256,New York,United States,40.99N,74.56W,New York,3062800,2728800,334000,10.9
4/1/1976,10.814,0.33,New York,United States,40.99N,74.56W,New York,3043900,2722900,321100,10.5
5/1/1976,14.376,0.401,New York,United States,40.99N,74.56W,New York,3016800,2717700,299100,9.9
6/1/1976,21.404,0.293,New York,United States,40.99N,74.56W,New York,3084300,2739200,345100,11.2
7/1/1976,21.363,0.322,New York,United States,40.99N,74.56W,New York,3145200,2772800,372500,11.8
8/1/1976,21.179,0.212,New York,United States,40.99N,74.56W,New York,3124700,2764800,359900,11.5
9/1/1976,16.599,0.256,New York,United States,40.99N,74.56W,New York,3056300,2716300,340000,11.1
10/1/1976,9.067,0.384,New York,United States,40.99N,74.56W,New York,3068800,2729700,339100,11
11/1/1976,2.623,0.205,New York,United States,40.99N,74.56W,New York,3085600,2744400,341100,11.1
12/1/1976,-3.933,0.25,New York,United States,40.99N,74.56W,New York,3075800,2748700,327100,10.6
1/1/1977,-8.046,0.271,New York,United States,40.99N,74.56W,New York,3056800,2715900,340800,11.1
2/1/1977,-1.756,0.263,New York,United States,40.99N,74.56W,New York,3080800,2742000,338800,11
3/1/1977,5.867,0.236,New York,United States,40.99N,74.56W,New York,3072800,2747300,325500,10.6
4/1/1977,10.156,0.232,New York,United States,40.99N,74.56W,New York,3046300,2755100,291300,9.6
5/1/1977,16.549,0.23,New York,United States,40.99N,74.56W,New York,3013800,2730500,283300,9.4
6/1/1977,18.995,0.179,New York,United States,40.99N,74.56W,New York,3069800,2756600,313200,10.2
7/1/1977,22.967,0.264,New York,United States,40.99N,74.56W,New York,3093200,2774200,319100,10.3
8/1/1977,21.687,0.337,New York,United States,40.99N,74.56W,New York,3095200,2777900,317300,10.3
9/1/1977,17.987,0.236,New York,United States,40.99N,74.56W,New York,3029900,2718800,311000,10.3
10/1/1977,10.313,0.252,New York,United States,40.99N,74.56W,New York,3055800,2746700,309000,10.1
11/1/1977,6.574,0.172,New York,United States,40.99N,74.56W,New York,3064400,2749200,315200,10.3
12/1/1977,-1.792,0.363,New York,United States,40.99N,74.56W,New York,3051100,2771800,279200,9.2
1/1/1978,-4.666,0.396,New York,United States,40.99N,74.56W,New York,3045600,2739800,305800,10
2/1/1978,-6.216,0.298,New York,United States,40.99N,74.56W,New York,3044000,2749400,294500,9.7
3/1/1978,1.27,0.123,New York,United States,40.99N,74.56W,New York,3048500,2766900,281600,9.2
4/1/1978,8.471,0.41,New York,United States,40.99N,74.56W,New York,3040900,2779500,261400,8.6
5/1/1978,14.316,0.235,New York,United States,40.99N,74.56W,New York,3020700,2764200,256500,8.5
6/1/1978,19.653,0.352,New York,United States,40.99N,74.56W,New York,3065000,2797500,267500,8.7
7/1/1978,21.578,0.281,New York,United States,40.99N,74.56W,New York,3105800,2817100,288700,9.3
8/1/1978,22.579,0.329,New York,United States,40.99N,74.56W,New York,3083300,2810800,272500,8.8
9/1/1978,16.487,0.075,New York,United States,40.99N,74.56W,New York,3051900,2778100,273700,9
10/1/1978,10.517,0.184,New York,United States,40.99N,74.56W,New York,3065600,2793700,271900,8.9
11/1/1978,5.981,0.255,New York,United States,40.99N,74.56W,New York,3064800,2802000,262800,8.6
12/1/1978,0.085,0.365,New York,United States,40.99N,74.56W,New York,3059000,2806300,252700,8.3
1/1/1979,-2.603,0.376,New York,United States,40.99N,74.56W,New York,3053400,2783000,270300,8.9
2/1/1979,-7.141,0.188,New York,United States,40.99N,74.56W,New York,3069200,2797200,272000,8.9
3/1/1979,5.233,0.192,New York,United States,40.99N,74.56W,New York,3076500,2806700,269800,8.8
4/1/1979,8.913,0.456,New York,United States,40.99N,74.56W,New York,3039300,2790400,248900,8.2
5/1/1979,15.909,0.271,New York,United States,40.99N,74.56W,New York,3008900,2762000,246900,8.2
6/1/1979,18.832,0.227,New York,United States,40.99N,74.56W,New York,3056400,2787700,268700,8.8
7/1/1979,22.35,0.177,New York,United States,40.99N,74.56W,New York,3115600,2835200,280400,9
8/1/1979,21.741,0.327,New York,United States,40.99N,74.56W,New York,3106400,2825100,281300,9.1
9/1/1979,17.493,0.127,New York,United States,40.99N,74.56W,New York,3061800,2795100,266700,8.7
10/1/1979,10.71,0.171,New York,United States,40.99N,74.56W,New York,3070300,2802600,267700,8.7
11/1/1979,7.792,0.195,New York,United States,40.99N,74.56W,New York,3062400,2809400,253000,8.3
12/1/1979,1.065,0.297,New York,United States,40.99N,74.56W,New York,3064600,2825600,239000,7.8
1/1/1980,-2.047,0.385,New York,United States,40.99N,74.56W,New York,3061100,2788300,272800,8.9
2/1/1980,-3.713,0.259,New York,United States,40.99N,74.56W,New York,3078600,2810400,268200,8.7
3/1/1980,2.034,0.117,New York,United States,40.99N,74.56W,New York,3058400,2807700,250700,8.2
4/1/1980,9.922,0.331,New York,United States,40.99N,74.56W,New York,3036600,2789100,247500,8.2
5/1/1980,16.464,0.257,New York,United States,40.99N,74.56W,New York,3029400,2777200,252300,8.3
6/1/1980,18.772,0.153,New York,United States,40.99N,74.56W,New York,3049500,2800400,249100,8.2
7/1/1980,23.48,0.284,New York,United States,40.99N,74.56W,New York,3120000,2841000,279000,8.9
8/1/1980,23.62,0.175,New York,United States,40.99N,74.56W,New York,3092700,2827700,265100,8.6
9/1/1980,19.133,0.267,New York,United States,40.99N,74.56W,New York,3032000,2780700,251300,8.3
10/1/1980,10.107,0.205,New York,United States,40.99N,74.56W,New York,3061000,2799100,261900,8.6
11/1/1980,3.647,0.139,New York,United States,40.99N,74.56W,New York,3053700,2795100,258700,8.5
12/1/1980,-3.12,0.205,New York,United States,40.99N,74.56W,New York,3051300,2804300,247000,8.1
1/1/1981,-6.772,0.233,New York,United States,40.99N,74.56W,New York,3074000,2785600,288300,9.4
2/1/1981,1.383,0.228,New York,United States,40.99N,74.56W,New York,3090700,2801900,288800,9.3
3/1/1981,2.667,0.221,New York,United States,40.99N,74.56W,New York,3101700,2815300,286400,9.2
4/1/1981,10.675,0.262,New York,United States,40.99N,74.56W,New York,3089900,2826600,263400,8.5
5/1/1981,15.632,0.267,New York,United States,40.99N,74.56W,New York,3084100,2816000,268100,8.7
6/1/1981,20.457,0.303,New York,United States,40.99N,74.56W,New York,3091300,2821500,269900,8.7
7/1/1981,23.299,0.255,New York,United States,40.99N,74.56W,New York,3138000,2860000,278000,8.9
8/1/1981,21.44,0.27,New York,United States,40.99N,74.56W,New York,3103900,2841100,262800,8.5
9/1/1981,17.167,0.199,New York,United States,40.99N,74.56W,New York,3056700,2799500,257200,8.4
10/1/1981,9.195,0.26,New York,United States,40.99N,74.56W,New York,3090400,2815200,275200,8.9
11/1/1981,5.64,0.15,New York,United States,40.99N,74.56W,New York,3089300,2811800,277600,9
12/1/1981,-1.395,0.285,New York,United States,40.99N,74.56W,New York,3073000,2793800,279100,9.1
1/1/1982,-7.286,0.276,New York,United States,40.99N,74.56W,New York,3075700,2776800,298900,9.7
2/1/1982,-1.307,0.325,New York,United States,40.99N,74.56W,New York,3079200,2787100,292100,9.5
3/1/1982,2.357,0.203,New York,United States,40.99N,74.56W,New York,3102200,2805900,296300,9.6
4/1/1982,7.846,0.178,New York,United States,40.99N,74.56W,New York,3063200,2780600,282600,9.2
5/1/1982,16.135,0.177,New York,United States,40.99N,74.56W,New York,3090100,2802300,287800,9.3
6/1/1982,18.228,0.357,New York,United States,40.99N,74.56W,New York,3092900,2796200,296700,9.6
7/1/1982,22.631,0.314,New York,United States,40.99N,74.56W,New York,3144800,2830100,314700,10
8/1/1982,20.074,0.131,New York,United States,40.99N,74.56W,New York,3108500,2803800,304700,9.8
9/1/1982,17.411,0.25,New York,United States,40.99N,74.56W,New York,3070000,2773700,296300,9.7
10/1/1982,11.281,0.144,New York,United States,40.99N,74.56W,New York,3083500,2774000,309500,10
11/1/1982,7.141,0.164,New York,United States,40.99N,74.56W,New York,3074500,2762200,312400,10.2
12/1/1982,2.789,0.178,New York,United States,40.99N,74.56W,New York,3054400,2749100,305300,10
1/1/1983,-1.938,0.27,New York,United States,40.99N,74.56W,New York,3057000,2730400,326600,10.7
2/1/1983,-0.692,0.1,New York,United States,40.99N,74.56W,New York,3046900,2726100,320800,10.5
3/1/1983,4.618,0.278,New York,United States,40.99N,74.56W,New York,3060400,2742800,317600,10.4
4/1/1983,8.607,0.236,New York,United States,40.99N,74.56W,New York,3028300,2733800,294600,9.7
5/1/1983,14.076,0.222,New York,United States,40.99N,74.56W,New York,3010200,2717400,292700,9.7
6/1/1983,20.508,0.318,New York,United States,40.99N,74.56W,New York,3083200,2774700,308500,10
7/1/1983,23.597,0.176,New York,United States,40.99N,74.56W,New York,3126300,2811100,315200,10.1
8/1/1983,23.025,0.268,New York,United States,40.99N,74.56W,New York,3130100,2814100,316000,10.1
9/1/1983,18.71,0.29,New York,United States,40.99N,74.56W,New York,3086300,2791600,294700,9.5
10/1/1983,11.333,0.252,New York,United States,40.99N,74.56W,New York,3068000,2780400,287700,9.4
11/1/1983,6.084,0.224,New York,United States,40.99N,74.56W,New York,3075900,2801900,274100,8.9
12/1/1983,-1.818,0.462,New York,United States,40.99N,74.56W,New York,3071000,2804900,266000,8.7
1/1/1984,-4.966,0.258,New York,United States,40.99N,74.56W,New York,3067500,2780100,287400,9.4
2/1/1984,1.834,0.211,New York,United States,40.99N,74.56W,New York,3078000,2793800,284200,9.2
3/1/1984,0.085,0.266,New York,United States,40.99N,74.56W,New York,3087100,2815800,271300,8.8
4/1/1984,8.717,0.183,New York,United States,40.99N,74.56W,New York,3054300,2796900,257400,8.4
5/1/1984,14.281,0.164,New York,United States,40.99N,74.56W,New York,3076000,2819700,256400,8.3
6/1/1984,21.055,0.192,New York,United States,40.99N,74.56W,New York,3092100,2819600,272500,8.8
7/1/1984,21.865,0.345,New York,United States,40.99N,74.56W,New York,3170700,2862200,308400,9.7
8/1/1984,22.575,0.178,New York,United States,40.99N,74.56W,New York,3135500,2838200,297300,9.5
9/1/1984,16.15,0.215,New York,United States,40.99N,74.56W,New York,3081300,2806500,274700,8.9
10/1/1984,13.492,0.234,New York,United States,40.99N,74.56W,New York,3099400,2817700,281700,9.1
11/1/1984,5.325,0.226,New York,United States,40.99N,74.56W,New York,3087000,2825800,261200,8.5
12/1/1984,2.675,0.195,New York,United States,40.99N,74.56W,New York,3102100,2846300,255800,8.2
1/1/1985,-5.061,0.162,New York,United States,40.99N,74.56W,New York,3125800,2835200,290600,9.3
2/1/1985,-1.076,0.306,New York,United States,40.99N,74.56W,New York,3122800,2840200,282600,9.1
3/1/1985,4.668,0.29,New York,United States,40.99N,74.56W,New York,3142800,2867400,275400,8.8
4/1/1985,10.594,0.376,New York,United States,40.99N,74.56W,New York,3182600,2919500,263200,8.3
5/1/1985,16.56,0.275,New York,United States,40.99N,74.56W,New York,3193600,2935200,258400,8.1
6/1/1985,18.286,0.436,New York,United States,40.99N,74.56W,New York,3217100,2961600,255500,7.9
7/1/1985,22.275,0.362,New York,United States,40.99N,74.56W,New York,3283000,3020500,262500,8
8/1/1985,21.541,0.306,New York,United States,40.99N,74.56W,New York,3267200,3016900,250300,7.7
9/1/1985,18.599,0.197,New York,United States,40.99N,74.56W,New York,3234500,2986900,247700,7.7
10/1/1985,11.882,0.359,New York,United States,40.99N,74.56W,New York,3255400,2997900,257500,7.9
11/1/1985,7.066,0.248,New York,United States,40.99N,74.56W,New York,3252200,3009000,243200,7.5
12/1/1985,-2.196,0.405,New York,United States,40.99N,74.56W,New York,3242300,3005200,237000,7.3
1/1/1986,-2.227,0.322,New York,United States,40.99N,74.56W,New York,3244100,2992100,252000,7.8
2/1/1986,-2.884,0.242,New York,United States,40.99N,74.56W,New York,3241000,2970600,270400,8.3
3/1/1986,4.186,0.19,New York,United States,40.99N,74.56W,New York,3265000,3003300,261700,8
4/1/1986,9.854,0.33,New York,United States,40.99N,74.56W,New York,3224900,2972700,252300,7.8
5/1/1986,16.937,0.243,New York,United States,40.99N,74.56W,New York,3225000,2973400,251600,7.8
6/1/1986,19.603,0.34,New York,United States,40.99N,74.56W,New York,3245500,3001200,244300,7.5
7/1/1986,22.469,0.24,New York,United States,40.99N,74.56W,New York,3286100,3040400,245600,7.5
8/1/1986,20.614,0.135,New York,United States,40.99N,74.56W,New York,3254800,3027800,227000,7
9/1/1986,17.029,0.323,New York,United States,40.99N,74.56W,New York,3209700,2991200,218500,6.8
10/1/1986,11.512,0.226,New York,United States,40.99N,74.56W,New York,3229200,3010000,219200,6.8
11/1/1986,4.143,0.18,New York,United States,40.99N,74.56W,New York,3227600,3020000,207600,6.4
12/1/1986,0.599,0.197,New York,United States,40.99N,74.56W,New York,3221400,3031300,190100,5.9
1/1/1987,-3.116,0.342,New York,United States,40.99N,74.56W,New York,3227800,3006200,221600,6.9
2/1/1987,-2.441,0.22,New York,United States,40.99N,74.56W,New York,3225600,3018600,207000,6.4
3/1/1987,4.758,0.243,New York,United States,40.99N,74.56W,New York,3249200,3053900,195300,6
4/1/1987,10.15,0.372,New York,United States,40.99N,74.56W,New York,3211800,3040400,171400,5.3
5/1/1987,15.593,0.282,New York,United States,40.99N,74.56W,New York,3217800,3043400,174400,5.4
6/1/1987,21.029,0.223,New York,United States,40.99N,74.56W,New York,3229800,3053300,176500,5.5
7/1/1987,23.603,0.206,New York,United States,40.99N,74.56W,New York,3284200,3097000,187200,5.7
8/1/1987,20.873,0.248,New York,United States,40.99N,74.56W,New York,3284700,3112700,172000,5.2
9/1/1987,17.414,0.193,New York,United States,40.99N,74.56W,New York,3210100,3050500,159700,5
10/1/1987,8.965,0.195,New York,United States,40.99N,74.56W,New York,3245300,3065700,179600,5.5
11/1/1987,5.917,0.276,New York,United States,40.99N,74.56W,New York,3252700,3075700,177000,5.4
12/1/1987,1.093,0.233,New York,United States,40.99N,74.56W,New York,3229700,3075100,154600,4.8
1/1/1988,-5.329,0.251,New York,United States,40.99N,74.56W,New York,3222500,3051400,171100,5.3
2/1/1988,-1.72,0.238,New York,United States,40.99N,74.56W,New York,3225200,3067500,157700,4.9
3/1/1988,3.873,0.151,New York,United States,40.99N,74.56W,New York,3228100,3074700,153500,4.8
4/1/1988,8.562,0.237,New York,United States,40.99N,74.56W,New York,3200100,3061100,139000,4.3
5/1/1988,15.406,0.189,New York,United States,40.99N,74.56W,New York,3187200,3038800,148400,4.7
6/1/1988,19.94,0.315,New York,United States,40.99N,74.56W,New York,3232700,3082300,150400,4.7
7/1/1988,24.287,0.202,New York,United States,40.99N,74.56W,New York,3273300,3101700,171600,5.2
8/1/1988,23.505,0.153,New York,United States,40.99N,74.56W,New York,3266100,3092900,173200,5.3
9/1/1988,16.751,0.2,New York,United States,40.99N,74.56W,New York,3223400,3053200,170200,5.3
10/1/1988,8.606,0.261,New York,United States,40.99N,74.56W,New York,3262500,3083100,179300,5.5
11/1/1988,6.35,0.165,New York,United States,40.99N,74.56W,New York,3268300,3088200,180100,5.5
12/1/1988,-1.032,0.193,New York,United States,40.99N,74.56W,New York,3271800,3092900,178900,5.5
1/1/1989,-0.429,0.283,New York,United States,40.99N,74.56W,New York,3294400,3079800,214600,6.5
2/1/1989,-1.547,0.165,New York,United States,40.99N,74.56W,New York,3308900,3100600,208300,6.3
3/1/1989,3.162,0.252,New York,United States,40.99N,74.56W,New York,3305900,3114100,191800,5.8
4/1/1989,8.201,0.295,New York,United States,40.99N,74.56W,New York,3315100,3108700,206300,6.2
5/1/1989,15.034,0.237,New York,United States,40.99N,74.56W,New York,3306300,3094800,211500,6.4
6/1/1989,20.717,0.281,New York,United States,40.99N,74.56W,New York,3343700,3128500,215200,6.4
7/1/1989,22.201,0.266,New York,United States,40.99N,74.56W,New York,3384900,3162400,222600,6.6
8/1/1989,21.305,0.275,New York,United States,40.99N,74.56W,New York,3357700,3139100,218500,6.5
9/1/1989,17.843,0.187,New York,United States,40.99N,74.56W,New York,3320000,3098400,221600,6.7
10/1/1989,11.708,0.302,New York,United States,40.99N,74.56W,New York,3344500,3119400,225100,6.7
11/1/1989,4.905,0.186,New York,United States,40.99N,74.56W,New York,3358200,3131100,227000,6.8
12/1/1989,-7.164,0.214,New York,United States,40.99N,74.56W,New York,3346900,3130000,216900,6.5
1/1/1990,1.536,0.332,New York,United States,40.99N,74.56W,New York,3357000,3117300,239700,7.1
2/1/1990,1.236,0.15,New York,United States,40.99N,74.56W,New York,3367000,3130400,236600,7
3/1/1990,4.973,0.291,New York,United States,40.99N,74.56W,New York,3359800,3135600,224200,6.7
4/1/1990,9.563,0.213,New York,United States,40.99N,74.56W,New York,3330500,3118600,212000,6.4
5/1/1990,13.983,0.271,New York,United States,40.99N,74.56W,New York,3346200,3130700,215500,6.4
6/1/1990,20.084,0.261,New York,United States,40.99N,74.56W,New York,3369200,3163100,206100,6.1
7/1/1990,22.712,0.286,New York,United States,40.99N,74.56W,New York,3378100,3148100,230000,6.8
8/1/1990,21.874,0.219,New York,United States,40.99N,74.56W,New York,3355700,3131500,224100,6.7
9/1/1990,17.085,0.295,New York,United States,40.99N,74.56W,New York,3315400,3081600,233800,7.1
10/1/1990,13.576,0.256,New York,United States,40.99N,74.56W,New York,3324700,3082700,242000,7.3
11/1/1990,6.84,0.325,New York,United States,40.99N,74.56W,New York,3298100,3056400,241700,7.3
12/1/1990,2.408,0.273,New York,United States,40.99N,74.56W,New York,3289400,3053200,236200,7.2
1/1/1991,-2.313,0.236,New York,United States,40.99N,74.56W,New York,3286300,3015100,271200,8.3
2/1/1991,1.167,0.165,New York,United States,40.99N,74.56W,New York,3278000,2999100,278900,8.5
3/1/1991,4.985,0.228,New York,United States,40.99N,74.56W,New York,3299000,3015900,283100,8.6
4/1/1991,10.879,0.213,New York,United States,40.99N,74.56W,New York,3276500,3003400,273100,8.3
5/1/1991,18.439,0.154,New York,United States,40.99N,74.56W,New York,3266700,2978000,288700,8.8
6/1/1991,21.254,0.18,New York,United States,40.99N,74.56W,New York,3289800,2999600,290200,8.8
7/1/1991,23.118,0.192,New York,United States,40.99N,74.56W,New York,3324500,3025000,299500,9
8/1/1991,22.769,0.231,New York,United States,40.99N,74.56W,New York,3288700,2991500,297200,9
9/1/1991,17.211,0.208,New York,United States,40.99N,74.56W,New York,3269000,2982200,286800,8.8
10/1/1991,11.691,0.27,New York,United States,40.99N,74.56W,New York,3279500,2980700,298800,9.1
11/1/1991,5.893,0.238,New York,United States,40.99N,74.56W,New York,3272700,2966000,306700,9.4
12/1/1991,1.194,0.273,New York,United States,40.99N,74.56W,New York,3270300,2958900,311400,9.5
1/1/1992,-1.217,0.338,New York,United States,40.99N,74.56W,New York,3282300,2929100,353200,10.8
2/1/1992,-0.197,0.234,New York,United States,40.99N,74.56W,New York,3296600,2931100,365600,11.1
3/1/1992,1.91,0.194,New York,United States,40.99N,74.56W,New York,3309300,2956200,353000,10.7
4/1/1992,8.044,0.294,New York,United States,40.99N,74.56W,New York,3289100,2954000,335100,10.2
5/1/1992,14.426,0.148,New York,United States,40.99N,74.56W,New York,3287700,2932400,355200,10.8
6/1/1992,18.976,0.354,New York,United States,40.99N,74.56W,New York,3339200,2955900,383200,11.5
7/1/1992,21.506,0.314,New York,United States,40.99N,74.56W,New York,3385200,2988600,396600,11.7
8/1/1992,20.162,0.283,New York,United States,40.99N,74.56W,New York,3365700,2980200,385500,11.5
9/1/1992,17.284,0.285,New York,United States,40.99N,74.56W,New York,3324700,2946800,377800,11.4
10/1/1992,9.204,0.223,New York,United States,40.99N,74.56W,New York,3308000,2937000,370900,11.2
11/1/1992,4.965,0.375,New York,United States,40.99N,74.56W,New York,3317200,2947300,370000,11.2
12/1/1992,-0.191,0.376,New York,United States,40.99N,74.56W,New York,3333300,2964700,368600,11.1
1/1/1993,-0.403,0.123,New York,United States,40.99N,74.56W,New York,3323700,2919500,404200,12.2
2/1/1993,-4.198,0.191,New York,United States,40.99N,74.56W,New York,3344900,2952700,392200,11.7
3/1/1993,1.14,0.19,New York,United States,40.99N,74.56W,New York,3325700,2967500,358200,10.8
4/1/1993,9.457,0.146,New York,United States,40.99N,74.56W,New York,3275800,2940400,335400,10.2
5/1/1993,16.266,0.312,New York,United States,40.99N,74.56W,New York,3287300,2954600,332800,10.1
6/1/1993,20.203,0.179,New York,United States,40.99N,74.56W,New York,3309800,2973600,336200,10.2
7/1/1993,23.93,0.122,New York,United States,40.99N,74.56W,New York,3356300,3014500,341800,10.2
8/1/1993,22.511,0.19,New York,United States,40.99N,74.56W,New York,3322200,2992800,329400,9.9
9/1/1993,17.221,0.196,New York,United States,40.99N,74.56W,New York,3263600,2949900,313800,9.6
10/1/1993,9.944,0.249,New York,United States,40.99N,74.56W,New York,3300300,2967600,332800,10.1
11/1/1993,5.169,0.283,New York,United States,40.99N,74.56W,New York,3281800,2961200,320600,9.8
12/1/1993,-0.749,0.227,New York,United States,40.99N,74.56W,New York,3280600,2967200,313400,9.6
1/1/1994,-7.184,0.333,New York,United States,40.99N,74.56W,New York,3300300,2953500,346900,10.5
2/1/1994,-4.287,0.278,New York,United States,40.99N,74.56W,New York,3307900,2973500,334400,10.1
3/1/1994,2.148,0.102,New York,United States,40.99N,74.56W,New York,3313200,2990900,322300,9.7
4/1/1994,10.698,0.316,New York,United States,40.99N,74.56W,New York,3274600,2973300,301300,9.2
5/1/1994,14.451,0.159,New York,United States,40.99N,74.56W,New York,3269100,2988900,280100,8.6
6/1/1994,21.641,0.229,New York,United States,40.99N,74.56W,New York,3280200,2994500,285600,8.7
7/1/1994,24.182,0.212,New York,United States,40.99N,74.56W,New York,3321100,3023500,297700,9
8/1/1994,20.735,0.147,New York,United States,40.99N,74.56W,New York,3303600,3019200,284400,8.6
9/1/1994,17.079,0.267,New York,United States,40.99N,74.56W,New York,3247100,2986800,260300,8
10/1/1994,10.669,0.157,New York,United States,40.99N,74.56W,New York,3286400,3020300,266100,8.1
11/1/1994,7.813,0.216,New York,United States,40.99N,74.56W,New York,3274100,3023500,250600,7.7
12/1/1994,1.999,0.204,New York,United States,40.99N,74.56W,New York,3262700,3031500,231200,7.1
1/1/1995,0.214,0.264,New York,United States,40.99N,74.56W,New York,3260700,2988500,272200,8.3
2/1/1995,-3.47,0.206,New York,United States,40.99N,74.56W,New York,3276200,3009500,266700,8.1
3/1/1995,5.229,0.286,New York,United States,40.99N,74.56W,New York,3287500,3022600,264900,8.1
4/1/1995,8.455,0.242,New York,United States,40.99N,74.56W,New York,3279300,3010200,269100,8.2
5/1/1995,14.357,0.287,New York,United States,40.99N,74.56W,New York,3264700,3001500,263200,8.1
6/1/1995,20.644,0.211,New York,United States,40.99N,74.56W,New York,3273100,3008400,264700,8.1
7/1/1995,23.823,0.309,New York,United States,40.99N,74.56W,New York,3344000,3058800,285200,8.5
8/1/1995,22.905,0.241,New York,United States,40.99N,74.56W,New York,3332500,3051100,281400,8.4
9/1/1995,17.142,0.115,New York,United States,40.99N,74.56W,New York,3308900,3035200,273700,8.3
10/1/1995,13.247,0.235,New York,United States,40.99N,74.56W,New York,3323900,3050900,273000,8.2
11/1/1995,3.326,0.203,New York,United States,40.99N,74.56W,New York,3314300,3046500,267800,8.1
12/1/1995,-3.035,0.171,New York,United States,40.99N,74.56W,New York,3311900,3046500,265400,8
1/1/1996,-3.877,0.259,New York,United States,40.99N,74.56W,New York,3318600,3024300,294300,8.9
2/1/1996,-1.794,0.136,New York,United States,40.99N,74.56W,New York,3348500,3055500,293100,8.8
3/1/1996,1.387,0.128,New York,United States,40.99N,74.56W,New York,3387400,3084100,303300,9
4/1/1996,9.26,0.2,New York,United States,40.99N,74.56W,New York,3364200,3074200,290000,8.6
5/1/1996,14.233,0.084,New York,United States,40.99N,74.56W,New York,3374700,3081200,293500,8.7
6/1/1996,20.603,0.299,New York,United States,40.99N,74.56W,New York,3374400,3090300,284100,8.4
7/1/1996,21.471,0.427,New York,United States,40.99N,74.56W,New York,3450900,3137000,313900,9.1
8/1/1996,21.859,0.149,New York,United States,40.99N,74.56W,New York,3418600,3128400,290200,8.5
9/1/1996,17.994,0.185,New York,United States,40.99N,74.56W,New York,3398900,3114300,284600,8.4
10/1/1996,11.114,0.219,New York,United States,40.99N,74.56W,New York,3434700,3136800,297900,8.7
11/1/1996,3.399,0.16,New York,United States,40.99N,74.56W,New York,3446600,3135500,311200,9
12/1/1996,2.036,0.216,New York,United States,40.99N,74.56W,New York,3452900,3141600,311400,9
1/1/1997,-3.037,0.228,New York,United States,40.99N,74.56W,New York,3477700,3122100,355600,10.2
2/1/1997,1.681,0.207,New York,United States,40.99N,74.56W,New York,3502000,3148900,353100,10.1
3/1/1997,3.414,0.307,New York,United States,40.99N,74.56W,New York,3527700,3173500,354200,10
4/1/1997,8.371,0.224,New York,United States,40.99N,74.56W,New York,3490900,3157500,333400,9.6
5/1/1997,13.381,0.178,New York,United States,40.99N,74.56W,New York,3498100,3170800,327300,9.4
6/1/1997,19.944,0.178,New York,United States,40.99N,74.56W,New York,3516600,3176800,339800,9.7
7/1/1997,22.547,0.305,New York,United States,40.99N,74.56W,New York,3574000,3229400,344500,9.6
8/1/1997,21.017,0.147,New York,United States,40.99N,74.56W,New York,3558300,3227300,331000,9.3
9/1/1997,17.057,0.228,New York,United States,40.99N,74.56W,New York,3528800,3209500,319300,9
10/1/1997,10.994,0.318,New York,United States,40.99N,74.56W,New York,3539700,3231600,308100,8.7
11/1/1997,4.103,0.189,New York,United States,40.99N,74.56W,New York,3531400,3240900,290500,8.2
12/1/1997,0.573,0.255,New York,United States,40.99N,74.56W,New York,3541200,3257200,283900,8
1/1/1998,1.711,0.301,New York,United States,40.99N,74.56W,New York,3556400,3235700,320700,9
2/1/1998,2.483,0.179,New York,United States,40.99N,74.56W,New York,3583900,3266000,317900,8.9
3/1/1998,5.169,0.147,New York,United States,40.99N,74.56W,New York,3586700,3273000,313800,8.7
4/1/1998,10.401,0.177,New York,United States,40.99N,74.56W,New York,3528200,3259000,269200,7.6
5/1/1998,17.256,0.175,New York,United States,40.99N,74.56W,New York,3529900,3264100,265700,7.5
6/1/1998,19.49,0.235,New York,United States,40.99N,74.56W,New York,3546200,3275600,270600,7.6
7/1/1998,22.706,0.232,New York,United States,40.99N,74.56W,New York,3598200,3313700,284400,7.9
8/1/1998,22.85,0.249,New York,United States,40.99N,74.56W,New York,3561400,3291400,270000,7.6
9/1/1998,18.947,0.165,New York,United States,40.99N,74.56W,New York,3547600,3279000,268600,7.6
10/1/1998,11.855,0.138,New York,United States,40.99N,74.56W,New York,3571200,3293700,277500,7.8
11/1/1998,5.983,0.105,New York,United States,40.99N,74.56W,New York,3570400,3305100,265300,7.4
12/1/1998,3.036,0.3,New York,United States,40.99N,74.56W,New York,3572200,3318600,253600,7.1
1/1/1999,-1.952,0.333,New York,United States,40.99N,74.56W,New York,3582500,3309500,273000,7.6
2/1/1999,0.429,0.247,New York,United States,40.99N,74.56W,New York,3603200,3325300,277800,7.7
3/1/1999,3.306,0.152,New York,United States,40.99N,74.56W,New York,3578400,3329500,248900,7
4/1/1999,9.661,0.378,New York,United States,40.99N,74.56W,New York,3556800,3312700,244100,6.9
5/1/1999,15.611,0.242,New York,United States,40.99N,74.56W,New York,3558400,3325300,233100,6.6
6/1/1999,21.254,0.196,New York,United States,40.99N,74.56W,New York,3588700,3339800,248900,6.9
7/1/1999,25.065,0.256,New York,United States,40.99N,74.56W,New York,3647600,3379700,267900,7.3
8/1/1999,22.206,0.228,New York,United States,40.99N,74.56W,New York,3616900,3369300,247600,6.8
9/1/1999,18.818,0.2,New York,United States,40.99N,74.56W,New York,3596400,3353000,243400,6.8
10/1/1999,10.438,0.194,New York,United States,40.99N,74.56W,New York,3612900,3376900,236000,6.5
11/1/1999,7.818,0.132,New York,United States,40.99N,74.56W,New York,3605500,3381700,223800,6.2
12/1/1999,1.297,0.151,New York,United States,40.99N,74.56W,New York,3616900,3408800,208100,5.8
1/1/2000,-3.168,0.238,New York,United States,40.99N,74.56W,New York,3639400,3400400,239000,6.6
2/1/2000,-0.162,0.26,New York,United States,40.99N,74.56W,New York,3679100,3445300,233700,6.4
3/1/2000,6.391,0.194,New York,United States,40.99N,74.56W,New York,3694900,3461500,233400,6.3
4/1/2000,8.897,0.19,New York,United States,40.99N,74.56W,New York,3662800,3458600,204200,5.6
5/1/2000,15.944,0.232,New York,United States,40.99N,74.56W,New York,3644300,3435300,209000,5.7
6/1/2000,20.234,0.242,New York,United States,40.99N,74.56W,New York,3662300,3461500,200800,5.5
7/1/2000,20.727,0.407,New York,United States,40.99N,74.56W,New York,3675700,3458100,217600,5.9
8/1/2000,20.791,0.237,New York,United States,40.99N,74.56W,New York,3666900,3451800,215100,5.9
9/1/2000,17.095,0.158,New York,United States,40.99N,74.56W,New York,3628500,3432300,196200,5.4
10/1/2000,11.323,0.273,New York,United States,40.99N,74.56W,New York,3644400,3445200,199200,5.5
11/1/2000,4.913,0.203,New York,United States,40.99N,74.56W,New York,3649300,3451000,198400,5.4
12/1/2000,-3.356,0.393,New York,United States,40.99N,74.56W,New York,3664400,3478600,185800,5.1
1/1/2001,-2.814,0.323,New York,United States,40.99N,74.56W,New York,3658600,3448300,210300,5.7
2/1/2001,-0.442,0.2,New York,United States,40.99N,74.56W,New York,3675500,3465900,209600,5.7
3/1/2001,1.884,0.198,New York,United States,40.99N,74.56W,New York,3673300,3471200,202100,5.5
4/1/2001,9.92,0.148,New York,United States,40.99N,74.56W,New York,3626000,3436800,189200,5.2
5/1/2001,16.014,0.216,New York,United States,40.99N,74.56W,New York,3606800,3424100,182700,5.1
6/1/2001,20.907,0.301,New York,United States,40.99N,74.56W,New York,3604500,3409000,195500,5.4
7/1/2001,21.045,0.274,New York,United States,40.99N,74.56W,New York,3665500,3455300,210200,5.7
8/1/2001,23.507,0.137,New York,United States,40.99N,74.56W,New York,3643500,3411500,232100,6.4
9/1/2001,17.474,0.281,New York,United States,40.99N,74.56W,New York,3624300,3392200,232100,6.4
10/1/2001,11.99,0.221,New York,United States,40.99N,74.56W,New York,3666900,3411100,255800,7
11/1/2001,8.212,0.252,New York,United States,40.99N,74.56W,New York,3674500,3405200,269300,7.3
12/1/2001,3.475,0.321,New York,United States,40.99N,74.56W,New York,3685700,3410200,275500,7.5
1/1/2002,1.252,0.327,New York,United States,40.99N,74.56W,New York,3697100,3391600,305600,8.3
2/1/2002,2.126,0.201,New York,United States,40.99N,74.56W,New York,3735700,3430100,305600,8.2
3/1/2002,4.677,0.227,New York,United States,40.99N,74.56W,New York,3730600,3424700,305900,8.2
4/1/2002,11.125,0.205,New York,United States,40.99N,74.56W,New York,3712500,3418300,294200,7.9
5/1/2002,14.171,0.194,New York,United States,40.99N,74.56W,New York,3705100,3420500,284600,7.7
6/1/2002,20.623,0.103,New York,United States,40.99N,74.56W,New York,3721100,3429400,291700,7.8
7/1/2002,23.931,0.218,New York,United States,40.99N,74.56W,New York,3737700,3435900,301800,8.1
8/1/2002,23.558,0.135,New York,United States,40.99N,74.56W,New York,3737900,3442400,295500,7.9
9/1/2002,19.125,0.084,New York,United States,40.99N,74.56W,New York,3710700,3430700,280000,7.5
10/1/2002,10.446,0.318,New York,United States,40.99N,74.56W,New York,3727700,3429000,298700,8
11/1/2002,4.945,0.157,New York,United States,40.99N,74.56W,New York,3709300,3400700,308700,8.3
12/1/2002,-0.953,0.297,New York,United States,40.99N,74.56W,New York,3722000,3415300,306700,8.2
1/1/2003,-5.223,0.244,New York,United States,40.99N,74.56W,New York,3729700,3395200,334400,9
2/1/2003,-3.786,0.258,New York,United States,40.99N,74.56W,New York,3740200,3414400,325800,8.7
3/1/2003,3.526,0.162,New York,United States,40.99N,74.56W,New York,3713400,3406500,306900,8.3
4/1/2003,8.185,0.207,New York,United States,40.99N,74.56W,New York,3709000,3412600,296400,8
5/1/2003,13.817,0.305,New York,United States,40.99N,74.56W,New York,3680100,3385900,294200,8
6/1/2003,18.96,0.435,New York,United States,40.99N,74.56W,New York,3705000,3390200,314900,8.5
7/1/2003,22.864,0.219,New York,United States,40.99N,74.56W,New York,3718400,3403800,314600,8.5
8/1/2003,23.243,0.279,New York,United States,40.99N,74.56W,New York,3707400,3398700,308700,8.3
9/1/2003,18.262,0.236,New York,United States,40.99N,74.56W,New York,3680100,3377600,302400,8.2
10/1/2003,10.202,0.361,New York,United States,40.99N,74.56W,New York,3697600,3397400,300200,8.1
11/1/2003,7.603,0.183,New York,United States,40.99N,74.56W,New York,3717700,3421200,296500,8
12/1/2003,0.379,0.255,New York,United States,40.99N,74.56W,New York,3690100,3413900,276200,7.5
1/1/2004,-6.325,0.169,New York,United States,40.99N,74.56W,New York,3719500,3409000,310500,8.3
2/1/2004,-1.332,0.277,New York,United States,40.99N,74.56W,New York,3720600,3426400,294200,7.9
3/1/2004,4.525,0.211,New York,United States,40.99N,74.56W,New York,3760100,3467600,292500,7.8
4/1/2004,10.057,0.244,New York,United States,40.99N,74.56W,New York,3723600,3461400,262200,7
5/1/2004,17.8,0.24,New York,United States,40.99N,74.56W,New York,3723800,3470000,253800,6.8
6/1/2004,19.761,0.305,New York,United States,40.99N,74.56W,New York,3756100,3483700,272400,7.3
7/1/2004,21.946,0.343,New York,United States,40.99N,74.56W,New York,3820300,3545800,274500,7.2
8/1/2004,21.771,0.244,New York,United States,40.99N,74.56W,New York,3790000,3537700,252200,6.7
9/1/2004,18.843,0.106,New York,United States,40.99N,74.56W,New York,3758700,3519200,239500,6.4
10/1/2004,10.96,0.361,New York,United States,40.99N,74.56W,New York,3779500,3543800,235700,6.2
11/1/2004,6.682,0.183,New York,United States,40.99N,74.56W,New York,3789700,3563600,226000,6
12/1/2004,-0.014,0.15,New York,United States,40.99N,74.56W,New York,3777700,3555100,222700,5.9
1/1/2005,-3.611,0.226,New York,United States,40.99N,74.56W,New York,3767500,3533100,234400,6.2
2/1/2005,-0.609,0.293,New York,United States,40.99N,74.56W,New York,3792900,3556000,236900,6.2
3/1/2005,1.125,0.125,New York,United States,40.99N,74.56W,New York,3779700,3571600,208100,5.5
4/1/2005,10.633,0.168,New York,United States,40.99N,74.56W,New York,3773900,3570400,203500,5.4
5/1/2005,13.267,0.194,New York,United States,40.99N,74.56W,New York,3770600,3567100,203500,5.4
6/1/2005,22.169,0.198,New York,United States,40.99N,74.56W,New York,3785200,3579000,206200,5.4
7/1/2005,23.704,0.267,New York,United States,40.99N,74.56W,New York,3834000,3611500,222600,5.8
8/1/2005,23.941,0.286,New York,United States,40.99N,74.56W,New York,3818000,3610200,207900,5.4
9/1/2005,20.238,0.196,New York,United States,40.99N,74.56W,New York,3812400,3594600,217800,5.7
10/1/2005,12.058,0.342,New York,United States,40.99N,74.56W,New York,3833700,3619000,214600,5.6
11/1/2005,7.019,0.246,New York,United States,40.99N,74.56W,New York,3815100,3593300,221800,5.8
12/1/2005,-1.757,0.292,New York,United States,40.99N,74.56W,New York,3816800,3616600,200100,5.2
1/1/2006,1.608,0.256,New York,United States,40.99N,74.56W,New York,3822000,3611000,211000,5.5
2/1/2006,-0.565,0.282,New York,United States,40.99N,74.56W,New York,3851400,3635300,216200,5.6
3/1/2006,3.776,0.228,New York,United States,40.99N,74.56W,New York,3835700,3636100,199600,5.2
4/1/2006,10.709,0.305,New York,United States,40.99N,74.56W,New York,3810400,3624400,185900,4.9
5/1/2006,15.637,0.312,New York,United States,40.99N,74.56W,New York,3812900,3634000,178900,4.7
6/1/2006,20.445,0.289,New York,United States,40.99N,74.56W,New York,3823700,3638200,185500,4.9
7/1/2006,24.165,0.244,New York,United States,40.99N,74.56W,New York,3854000,3646300,207600,5.4
8/1/2006,22.42,0.349,New York,United States,40.99N,74.56W,New York,3836200,3647200,189000,4.9
9/1/2006,16.946,0.104,New York,United States,40.99N,74.56W,New York,3797600,3626600,171000,4.5
10/1/2006,10.811,0.23,New York,United States,40.99N,74.56W,New York,3829300,3662600,166700,4.4
11/1/2006,8.418,0.181,New York,United States,40.99N,74.56W,New York,3816600,3645100,171500,4.5
12/1/2006,3.861,0.281,New York,United States,40.99N,74.56W,New York,3829400,3667300,162200,4.2
1/1/2007,0.412,0.338,New York,United States,40.99N,74.56W,New York,3840200,3641800,198400,5.2
2/1/2007,-4.713,0.4,New York,United States,40.99N,74.56W,New York,3852200,3662800,189400,4.9
3/1/2007,2.947,0.195,New York,United States,40.99N,74.56W,New York,3846000,3675100,170900,4.4
4/1/2007,8.02,0.154,New York,United States,40.99N,74.56W,New York,3812100,3646700,165400,4.3
5/1/2007,16.677,0.183,New York,United States,40.99N,74.56W,New York,3817700,3644100,173600,4.5
6/1/2007,20.868,0.318,New York,United States,40.99N,74.56W,New York,3842900,3654100,188900,4.9
7/1/2007,22.295,0.221,New York,United States,40.99N,74.56W,New York,3896500,3683700,212900,5.5
8/1/2007,22.063,0.224,New York,United States,40.99N,74.56W,New York,3874100,3674200,199900,5.2
9/1/2007,19,0.223,New York,United States,40.99N,74.56W,New York,3859100,3673100,186000,4.8
10/1/2007,15.222,0.232,New York,United States,40.99N,74.56W,New York,3874700,3683500,191200,4.9
11/1/2007,4.831,0.316,New York,United States,40.99N,74.56W,New York,3892200,3706700,185500,4.8
12/1/2007,-0.094,0.248,New York,United States,40.99N,74.56W,New York,3891000,3701800,189100,4.9
1/1/2008,-0.573,0.293,New York,United States,40.99N,74.56W,New York,3911600,3695200,216400,5.5
2/1/2008,-0.675,0.268,New York,United States,40.99N,74.56W,New York,3923800,3717100,206700,5.3
3/1/2008,3.47,0.323,New York,United States,40.99N,74.56W,New York,3908000,3714400,193600,5
4/1/2008,10.943,0.151,New York,United States,40.99N,74.56W,New York,3903800,3726900,176900,4.5
5/1/2008,13.64,0.236,New York,United States,40.99N,74.56W,New York,3898500,3706000,192500,4.9
6/1/2008,21.831,0.375,New York,United States,40.99N,74.56W,New York,3939500,3733900,205600,5.2
7/1/2008,23.693,0.223,New York,United States,40.99N,74.56W,New York,3975600,3750400,225200,5.7
8/1/2008,20.887,0.329,New York,United States,40.99N,74.56W,New York,3977400,3740200,237200,6
9/1/2008,18.676,0.212,New York,United States,40.99N,74.56W,New York,3958800,3728100,230700,5.8
10/1/2008,10.348,0.205,New York,United States,40.99N,74.56W,New York,3991400,3748900,242600,6.1
11/1/2008,5.133,0.225,New York,United States,40.99N,74.56W,New York,3982800,3731700,251000,6.3
12/1/2008,0.327,0.337,New York,United States,40.99N,74.56W,New York,3987400,3717700,269600,6.8
1/1/2009,-5.36,0.288,New York,United States,40.99N,74.56W,New York,3993200,3681500,311700,7.8
2/1/2009,-0.372,0.214,New York,United States,40.99N,74.56W,New York,4026000,3686700,339300,8.4
3/1/2009,3.579,0.14,New York,United States,40.99N,74.56W,New York,3959000,3618200,340900,8.6
4/1/2009,10.478,0.259,New York,United States,40.99N,74.56W,New York,3939600,3608100,331600,8.4
5/1/2009,15.447,0.267,New York,United States,40.99N,74.56W,New York,3935400,3583500,351900,8.9
6/1/2009,19.058,0.452,New York,United States,40.99N,74.56W,New York,3972400,3596000,376400,9.5
7/1/2009,21.103,0.348,New York,United States,40.99N,74.56W,New York,4025100,3629700,395500,9.8
8/1/2009,22.769,0.277,New York,United States,40.99N,74.56W,New York,4000000,3601200,398800,10
9/1/2009,17.043,0.22,New York,United States,40.99N,74.56W,New York,3948600,3558600,390000,9.9
10/1/2009,10.364,0.153,New York,United States,40.99N,74.56W,New York,3981000,3577100,404000,10.1
11/1/2009,8.217,0.181,New York,United States,40.99N,74.56W,New York,3967100,3574600,392500,9.9
12/1/2009,-0.624,0.228,New York,United States,40.99N,74.56W,New York,3956400,3563700,392700,9.9
1/1/2010,-2.359,0.314,New York,United States,40.99N,74.56W,New York,3973900,3557200,416700,10.5
2/1/2010,-1.456,0.319,New York,United States,40.99N,74.56W,New York,4004200,3593800,410400,10.3
3/1/2010,6.715,0.235,New York,United States,40.99N,74.56W,New York,3999400,3600800,398600,10
4/1/2010,12.076,0.135,New York,United States,40.99N,74.56W,New York,4007400,3625500,381900,9.5
5/1/2010,17.119,0.2,New York,United States,40.99N,74.56W,New York,3974800,3604300,370500,9.3
6/1/2010,21.943,0.387,New York,United States,40.99N,74.56W,New York,3982100,3603900,378200,9.5
7/1/2010,24.789,0.28,New York,United States,40.99N,74.56W,New York,4000800,3611100,389800,9.7
8/1/2010,22.67,0.257,New York,United States,40.99N,74.56W,New York,4000600,3615900,384600,9.6
9/1/2010,19.172,0.165,New York,United States,40.99N,74.56W,New York,3962700,3594500,368200,9.3
10/1/2010,11.911,0.154,New York,United States,40.99N,74.56W,New York,3963100,3596800,366300,9.2
11/1/2010,5.876,0.174,New York,United States,40.99N,74.56W,New York,3947300,3580800,366400,9.3
12/1/2010,-2.165,0.436,New York,United States,40.99N,74.56W,New York,3950900,3601600,349300,8.8
1/1/2011,-4.463,0.355,New York,United States,40.99N,74.56W,New York,3970700,3594800,375800,9.5
2/1/2011,-1.244,0.33,New York,United States,40.99N,74.56W,New York,3973400,3606200,367200,9.2
3/1/2011,3.474,0.167,New York,United States,40.99N,74.56W,New York,3973800,3626100,347600,8.7
4/1/2011,10.555,0.222,New York,United States,40.99N,74.56W,New York,3951600,3616600,335000,8.5
5/1/2011,16.917,0.312,New York,United States,40.99N,74.56W,New York,3952800,3609800,343000,8.7
6/1/2011,21.032,0.42,New York,United States,40.99N,74.56W,New York,3954700,3595900,358800,9.1
7/1/2011,24.564,0.438,New York,United States,40.99N,74.56W,New York,3985500,3611700,373800,9.4
8/1/2011,22.13,0.163,New York,United States,40.99N,74.56W,New York,4000600,3626900,373700,9.3
9/1/2011,19.301,0.16,New York,United States,40.99N,74.56W,New York,3976100,3607100,369000,9.3
10/1/2011,12.001,0.23,New York,United States,40.99N,74.56W,New York,3996400,3618600,377800,9.5
11/1/2011,8.013,0.298,New York,United States,40.99N,74.56W,New York,3979100,3612000,367100,9.2
12/1/2011,2.987,0.466,New York,United States,40.99N,74.56W,New York,3987600,3622200,365400,9.2
1/1/2012,-0.041,0.493,New York,United States,40.99N,74.56W,New York,3979300,3584400,394900,9.9
2/1/2012,2.185,0.253,New York,United States,40.99N,74.56W,New York,4018700,3617300,401400,10
3/1/2012,8.734,0.276,New York,United States,40.99N,74.56W,New York,4021000,3635500,385500,9.6
4/1/2012,10.324,0.258,New York,United States,40.99N,74.56W,New York,3987800,3632000,355800,8.9
5/1/2012,17.779,0.301,New York,United States,40.99N,74.56W,New York,4004100,3630900,373100,9.3
6/1/2012,20.165,0.39,New York,United States,40.99N,74.56W,New York,4025500,3635600,389900,9.7
7/1/2012,24.479,0.403,New York,United States,40.99N,74.56W,New York,4056600,3651100,405600,10
8/1/2012,22.731,0.224,New York,United States,40.99N,74.56W,New York,4028300,3640600,387800,9.6
9/1/2012,18.177,0.269,New York,United States,40.99N,74.56W,New York,4018500,3658200,360300,9
10/1/2012,12.436,0.344,New York,United States,40.99N,74.56W,New York,4047900,3674300,373600,9.2
11/1/2012,4.103,0.298,New York,United States,40.99N,74.56W,New York,4018400,3661900,356600,8.9
12/1/2012,2.586,0.257,New York,United States,40.99N,74.56W,New York,4046400,3684000,362400,9
1/1/2013,-0.968,0.29,New York,United States,40.99N,74.56W,New York,4052300,3652500,399800,9.9
2/1/2013,-1.365,0.241,New York,United States,40.99N,74.56W,New York,4060200,3679300,380900,9.4
3/1/2013,2.518,0.255,New York,United States,40.99N,74.56W,New York,4037900,3684400,353500,8.8
4/1/2013,9.723,0.355,New York,United States,40.99N,74.56W,New York,4038500,3704900,333600,8.3
5/1/2013,15.544,0.281,New York,United States,40.99N,74.56W,New York,4052300,3699500,352800,8.7
6/1/2013,20.892,0.273,New York,United States,40.99N,74.56W,New York,4077100,3705200,371900,9.1
7/1/2013,24.722,0.279,New York,United States,40.99N,74.56W,New York,4113300,3735100,378200,9.2
8/1/2013,21.001,0.323,New York,United States,40.99N,74.56W,New York,4092500,3722200,370300,9
9/1/2013,17.408,1.048,New York,United States,40.99N,74.56W,New York,4064700,3711700,353000,8.7
